epoch,train_loss,val_loss
1,0.9027258678689122,0.4365509762733339
2,0.4537020781187226,0.4027219908863213
3,0.5561828371428191,0.4910828394589023
4,0.5553862725258758,0.5204647948089233
5,0.41649382483217046,0.3872748923218139
6,0.3620537924991047,0.33261621703982724
1,33.526987075805664,15.940617561340332
