{
  "BLEU": {
    "BLEU-1": 0.14827359770067966,
    "BLEU-2": 0.009340406394635212,
    "BLEU-3": 0.003732063490356972,
    "BLEU-4": 0.0023636026789916145
  },
  "ROUGE": {
    "rouge1": 0.08666440492962275,
    "rouge2": 0.00825095991619468,
    "rougeL": 0.07446430707380804
  },
  "WER": 1.456389372907571
}