epoch,train_loss,val_loss
1,0.46818806626397674,0.2501613223357141
