{
  "BLEU": {
    "BLEU-1": 0.18883395844569165,
    "BLEU-2": 0.013612772118636672,
    "BLEU-3": 0.005698965324051391,
    "BLEU-4": 0.0037000069763157553
  },
  "ROUGE": {
    "rouge1": 0.11558062503534992,
    "rouge2": 0.006494761350450885,
    "rougeL": 0.09426074693340741
  },
  "WER": 1.1203992391709316
}